,5_yr_num_diff,5_yr_pct_diff,Sat_mean,Sat_std,Sun/Hol_mean,Sun/Hol_std,Weekday_mean,Weekday_std,daily_mean,daily_std,latitude,longitude,num_na,num_yrs_from_past_5,station
0,-8.450684931506885,-0.001674288382979533,1810.3619361936194,600.8884225802328,1255.5472440944882,680.7290395979917,5230.739529675252,1948.1753284115402,4112.129420970266,2388.0286983224055,41.875474,-87.649707,0,5,UIC-Halsted
1,-63.51506849315069,-0.026640654745364173,1163.987898789879,358.9820361470847,829.5068897637796,456.7434760433358,2600.0499440089584,375.2304405052178,2114.2514866979654,840.0694640744421,0.0,0.0,0,5,Halsted-Orange
2,-18.236301369862986,-0.004191974409103488,2938.80198019802,660.2898311995287,2101.3937007874015,484.307642039252,3667.154759238522,616.038425999267,3314.590453834116,839.8823890804636,41.993664,-87.659202,0,5,Granville
3,-205.40616438356165,-0.03149313576390589,2971.6589658965895,1220.0336044152439,2228.060039370079,1374.1541252488812,7501.833818589026,1235.9341821370142,6018.878716744914,2592.689302726716,0.0,0.0,0,5,Jackson/Dearborn
4,54.23767123287678,0.024585787810503384,1249.7139713971396,424.2722632223638,791.8494094488188,309.6549644436161,2153.0241881298994,703.0464642938056,1808.100469483568,823.3499200577292,0.0,0.0,0,5,Damen-Brown
5,-14.391095890410952,0.005211009001173161,3635.4609460946094,1635.3238035878537,2640.087598425197,1273.70978869462,5358.073012318029,1261.3836025516912,4680.869953051643,1699.3487088490292,0.0,0.0,0,5,Damen/Milwaukee
6,-148.936301369863,-0.10860901199140044,794.8756875687569,196.5937551740972,578.4891732283464,152.54957647165165,1315.5124300111981,224.7640716268844,1124.264475743349,364.4908165305489,0.0,0.0,0,5,East 63rd-Cottage Grove
7,-17.28424657534248,-0.00953016062866821,1088.140814081408,185.0188524023174,750.8277559055118,177.08364018999444,1989.1408734602464,197.30299960671366,1664.0805946791863,539.1795485874094,0.0,0.0,0,5,Austin-Lake
8,-22.372602739726062,-0.005204154604083161,2498.2233223322332,802.8003093148925,1753.9566929133857,676.4406790039454,4845.977603583427,621.3454544626871,4020.374804381847,1434.1835528249294,41.984246,-87.838028,0,5,Cumberland
9,-470.9972602739726,-0.16867698641569454,1323.6479647964798,626.8159234782728,931.8120078740158,571.4245400910173,2153.290705487122,736.3493691977901,1841.057902973396,851.0256754976442,0.0,0.0,0,5,35-Bronzeville-IIT
10,-236.59383561643835,-0.08881570210985865,1079.7238723872388,242.35356106200967,722.0472440944882,168.58861736110052,2834.0674132138856,764.9352481422842,2248.697965571205,1107.3432232592675,0.0,0.0,0,5,Medical Center
11,156.01712328767098,0.01605286979859788,9519.40704070407,3174.140494052777,6984.154527559055,2688.43175095556,10116.268085106383,1871.5367388346478,9533.361345852894,2509.6429404656897,0.0,0.0,0,5,Grand/State
12,15.235616438356175,0.01983569381372835,678.2596259625963,314.686017084201,471.6033464566929,294.3633175312476,1038.2313549832027,247.05127401321974,896.9311424100157,346.42251384728957,42.073153,-87.69073,0,5,Linden
13,,,441.10634648370495,618.9504410409668,328.09188361408883,488.0127011179404,2489.4954735376045,371.63896366063074,1855.2190847127556,1060.4911398555575,0.0,0.0,0,0,Skokie
14,743.4661214475566,0.14303920851350177,7363.202209944751,1368.7601609901176,5505.2,1109.3019919820126,12508.819122609673,2479.628886561617,10664.410534591196,3593.7549730870874,41.722377,-87.624342,90,5,95th/Dan Ryan
15,25.10753424657534,0.035695327957134426,473.3399339933993,164.15006685888187,280.5846456692913,102.36718763311673,722.4053751399777,161.1473508894881,616.7261345852895,228.77208502379878,42.058282,-87.683337,0,5,Noyes
16,-32.810273972602715,-0.030141643364908405,527.1837183718371,320.2982680683244,392.1722440944882,249.50915530016988,911.0020156774916,353.0599200130087,773.9093896713615,395.6427479353517,0.0,0.0,0,5,Pulaski-Cermak
17,-3.2657534246575324,-0.003283168411251286,621.6479647964796,132.98996082119663,449.5501968503937,119.83383996990024,791.4329227323628,103.94588016686613,712.9215962441315,169.90537344122083,42.041655,-87.681602,0,5,Dempster
18,219.93013698630148,0.039897994961367006,1593.5247524752476,665.3592126216936,856.0403543307086,493.9784496460863,6399.497200447929,1328.8552446556755,4834.429733959311,2656.809710918308,41.888969,-87.633924,0,5,Merchandise Mart
19,-10.160958904109577,-0.014686424462717812,422.55005500550055,77.34252846784065,272.95669291338584,71.54248518669083,793.6452407614781,79.63219951832795,658.0669796557121,224.53614360022826,42.027612,-87.678329,0,5,South Boulevard
20,-4.906849315068484,-0.0006291634600396889,3275.281628162816,603.4388310349868,2430.6840551181103,549.4314352591499,6545.3771556550955,642.2995602561631,5425.9647887323945,1829.8859670864485,41.970634,-87.760892,0,5,Jefferson Park
21,-98.00684931506851,-0.08923895238449789,732.01100110011,237.19141299521422,485.79133858267716,123.52931390113946,1098.760358342665,158.60484331334965,949.1278560250391,290.67062654912525,41.80209,-87.618487,0,5,51st
22,19.7061643835616,0.014887926185473271,683.034103410341,227.604412653765,442.72145669291336,178.98020412937083,1301.0035834266516,335.5543926626292,1076.6297339593114,460.70467810791007,41.966046,-87.701644,0,5,Francisco
23,-14.597260273972552,-0.002228882212749389,2517.816281628163,1291.346111655214,1500.609251968504,907.8898133448794,5496.339529675252,1421.2858724405698,4437.319248826291,2111.5905184401886,0.0,0.0,0,5,Chicago/Franklin
24,-5.0993150684931265,-0.003519620539978424,505.73377337733774,306.90351260572567,363.4576771653543,231.54712929306694,940.6179171332586,270.70524438658913,786.9865414710486,359.6940306955919,0.0,0.0,0,5,Western-Cermak
25,-40.87260273972606,-0.010299155594016202,2158.8888888888887,400.8169819995487,1599.7933070866143,368.8585676790422,4111.022396416573,467.3425069085017,3434.0430359937404,1133.0088878529784,0.0,0.0,0,5,Irving Park-O'Hare
26,-8.360273972602727,-0.00337191742123355,1347.0968096809681,469.47319745495264,848.9537401574803,344.85413611818547,2322.5482642777156,702.0122287546167,1949.4876369327073,857.9322883071685,0.0,0.0,0,5,Montrose-Brown
27,0.6212328767123267,0.0019296997255541515,466.57645764576455,339.6220040818924,342.16141732283467,268.95069873914605,782.3070548712207,344.48819760013674,667.4107981220657,377.60733551723627,0.0,0.0,0,5,Kedzie-Cermak
28,-149.0219178082193,-0.010194131140316143,12084.130913091309,3121.091808751846,8355.672244094489,2496.4504827188707,14176.278611422173,1731.8792776358634,12953.19593114241,2997.401068517401,0.0,0.0,0,5,Chicago/State
29,-131.67602739726027,-0.09643347729278845,866.5984598459846,246.80432072575795,568.113188976378,167.62172985174192,1291.6349384098544,231.41853683579586,1116.1331768388106,358.7234592510158,0.0,0.0,0,5,47th-South Elevated
30,-151.76917808219173,-0.02474745710777987,4310.322332233223,552.1908732720506,3143.8681102362207,591.6838977061157,6084.830235162374,579.1736290519582,5364.79186228482,1279.9344137442156,42.019063,-87.672892,0,5,Howard
31,37.348630136986344,0.01531931094174857,2496.770077007701,398.73473200175295,1869.2106299212599,401.08917098197963,3339.0907054871222,409.03937869213894,2985.558998435055,696.1128459271283,41.977984,-87.658668,0,5,Berwyn
32,-1258.8465753424657,-0.2297169157132556,1073.2904290429042,1470.495941591302,758.0994094488188,1135.8031037995256,1624.0058230683092,2076.517487708255,1407.9868544600938,1908.0665943529852,0.0,0.0,0,5,Garfield-South Elevated
33,270.5527397260273,0.052479433415532045,3603.4301430143014,1774.3026814221555,2545.246062992126,1835.0524778698298,7691.7332586786115,1491.355267648815,6291.874334898279,2677.0233962192588,41.879507,-87.626037,0,5,Adams/Wabash
34,45.9780821917808,0.015472143351260181,2375.024202420242,562.7346397228392,1783.3474409448818,499.38311536797784,3116.3036954087347,537.922899439383,2798.9161189358374,739.4443892939556,41.969139,-87.658493,0,5,Lawrence
35,-49.12602739726026,-0.014597518278015864,2842.168316831683,454.875738523472,1808.0925196850394,367.66416634603587,3754.15274356103,359.98551090568657,3314.9992175273865,817.9962514753844,42.04771,-87.683543,0,5,Davis
36,9.736986301369882,0.009238098985541482,527.8624862486249,128.10198567680516,338.9596456692913,113.92927261288436,1351.7921612541993,147.92965877036502,1073.5464788732395,449.40793413732416,41.887159,-87.783661,0,5,Ridgeland
37,6.88082191780822,0.00982111243932926,497.33553355335533,143.61123128569895,320.498031496063,106.55867273496509,781.6107502799553,152.2442325213628,667.8553990610328,230.86220298629203,42.05416,-87.68356,0,5,Foster
38,-64.43082191780826,-0.062016334734940615,559.7249724972497,180.56869671267987,396.5954724409449,123.8633234486188,990.8425531914894,182.52703334597257,835.0302034428795,297.7707656719009,41.816462,-87.619021,0,5,43rd
39,273.68072991208345,0.16305372352409678,2880.220994475138,569.8377833537411,1980.2871287128712,417.9793963234492,3828.220022497188,724.178210002229,3399.862893081761,962.8858336007178,0.0,0.0,90,5,Garfield-Dan Ryan
40,-11.845890410958901,-0.016368720385146696,625.8360836083608,737.872480847262,283.6761811023622,105.46361389477647,867.854647256439,104.81583596101133,740.5431924882629,364.9830562256288,0.0,0.0,0,5,Central-Evanston
41,21.360273972602727,0.022525565135672332,576.8778877887788,116.2788188216015,404.9468503937008,106.9805982590457,1013.5948488241881,188.11776015285923,854.6962441314554,298.7616596133906,0.0,0.0,0,5,Harlem-Forest Park
42,-187.8623287671233,-0.17852996929233086,474.4136413641364,198.2013128878019,332.55610236220474,145.5596057286064,801.0696528555432,290.10217862891375,680.1087636932707,321.2555694943951,0.0,0.0,0,5,Halsted/63rd
43,-18.38767123287664,-0.0069926811448428605,1318.907590759076,315.6545088925024,877.1751968503937,237.53499470461367,2858.995744680851,322.3150955435084,2324.8064162754304,878.8339547250137,0.0,0.0,0,5,Harlem-O'Hare
44,41.74863013698632,0.006134604618355938,7619.935093509351,4394.887829049049,5958.964566929134,4014.7883005521803,7601.236058230683,3333.569089082063,7342.777464788733,3665.0119195241823,41.9472,-87.6536,0,5,Addison-North Main
45,-175.52260273972615,-0.016401245306153167,7474.42904290429,2637.7993328008765,6040.160433070866,2592.1063411047526,9224.383650615902,2314.511633124146,8469.159937402192,2697.560804219743,41.867405,-87.62659,0,5,Roosevelt
46,10.552054794520473,0.0042134227064300755,1413.5181518151815,615.4530161951578,882.1889763779527,443.823228153736,2557.137737961926,808.418925228358,2128.139593114241,994.935891715973,0.0,0.0,0,5,Irving Park-Brown
47,-61.55616438356162,-0.02973540701904137,1205.5049504950496,278.2955105997201,924.9547244094488,255.74092863412218,1886.593281075028,377.3566140962127,1636.807042253521,521.0985709312213,0.0,0.0,0,5,Kedzie-Homan-Forest Park
48,29.42808219178073,0.015218313321972099,2319.5357535753574,1218.602583126893,1649.8277559055118,877.3889066175,4394.386114221725,976.3098375113697,3662.8508607198746,1508.131699442318,0.0,0.0,0,5,Western/Milwaukee
49,-111.05616438356168,-0.07239529259149405,1084.3366336633662,238.12728195652713,790.5669291338583,217.90394559581853,1641.0692049272116,319.0615767974221,1426.6435054773083,447.0718579709746,0.0,0.0,0,5,Pulaski-Lake
50,2.072602739726051,0.0024476046306633747,827.4334433443345,172.78306668019383,525.4005905511812,145.44248083410164,1191.7019036954086,108.84528355102684,1033.9425665101721,283.6681268417909,42.033456,-87.679538,0,5,Main
51,-16.242465753424653,-0.006808996988789118,1400.5808580858086,506.2722919516149,875.6830708661417,356.4564184787508,2345.0282194848824,739.9894477058642,1977.0536776212832,879.7832338238447,41.943623,-87.670907,0,5,Paulina
52,-5.36369863013698,-0.0030929977110234486,860.6633663366337,141.6498715581624,636.5383858267717,132.45786579061874,1239.1977603583427,215.92208723249988,1089.5280125195618,306.5173793063536,0.0,0.0,0,5,Cicero-Forest Park
53,64.37397260273974,0.022348575862551928,1720.2057205720573,712.4374681039935,1105.1161417322835,525.6253964885725,2849.421724524076,844.0782948060563,2411.4449139280127,1042.7080955383092,41.943744,-87.663619,0,5,Southport
54,-77.64246575342463,-0.015803130011334765,4032.7007700770077,900.9290827390124,2765.8759842519685,635.9885926835949,5123.387234042553,875.5904791383819,4593.392644757433,1219.5983149177614,42.001073,-87.661061,0,5,Loyola
55,12.358904109589048,0.010422749571049938,581.8932893289328,364.02449548615266,413.4468503937008,273.08143668869525,1145.1724524076149,408.72287300831596,948.7007824726135,488.9583796774835,0.0,0.0,0,5,Damen-Cermak
56,444.61384175015326,0.17441361620202173,4098.4486187845305,724.4404415725363,3008.3059405940594,586.9001671566294,5716.126659167604,1061.3471225767328,5055.922641509434,1420.411884959558,41.768367,-87.625724,90,5,69th
57,-28.038356164383572,-0.012661726388134259,1179.4895489548956,830.0934804522524,794.6958661417323,698.8102732872917,2171.088241881299,542.0388777471625,1811.1856025039124,832.1049820699902,0.0,0.0,0,5,Ashland-Lake
58,-22.47602739726028,-0.0036325510133379257,2697.7689768976898,1176.4850534243003,1895.498031496063,963.2987566572485,3536.5415453527435,1089.915674303772,3156.2998435054774,1248.147109517294,41.874039,-87.627479,0,5,Harrison
59,-4.7082191780821745,-0.002822487135288043,814.8239823982399,247.46873125395092,519.5,184.7811433452035,1567.3148936170212,375.57484353425775,1293.669483568075,541.246213041565,41.966115,-87.6941,0,5,Rockwell
60,-38.763698630137014,-0.010751980575509412,2192.701870187019,455.8093423959641,1438.5629921259842,414.7591193241754,3652.4701007838744,422.7992032591075,3092.805164319249,975.2408256889177,0.0,0.0,0,5,Harlem-Lake
61,-26.275342465753397,-0.015259313351567216,893.5654565456546,170.41090969959225,644.2480314960629,166.17020028904548,1868.3724524076147,284.65727192152514,1535.0688575899844,572.2861822223226,0.0,0.0,0,5,Austin-Forest Park
62,2.924657534246535,0.0042590154478463205,1658.6897689768978,385.884378889561,1137.0374015748032,378.67575921815785,3555.6322508398657,532.2049000060734,2901.2327073552424,1120.5917313156604,0.0,0.0,0,5,Western-Orange
63,-258.4109589041095,-0.021903238767158245,9903.905390539054,2097.773657769831,7343.007874015748,3186.803847509212,11300.428219484882,1737.9690028188227,10472.544287949922,2536.0886956332424,0.0,0.0,0,5,Belmont-North Main
64,23.945890410958896,0.010397144025067057,2123.3751375137513,399.21208615671753,1623.1732283464567,375.0199988254308,2761.9829787234044,423.0391399829597,2490.0697965571203,600.286216867956,41.973453,-87.65853,0,5,Argyle
65,587.4424657534246,0.037362159526974,9571.79207920792,4048.143371643618,6495.524606299213,3079.711894174208,16201.980739081748,4412.254603691963,13715.50172143975,5700.114941045508,41.884809,-87.627813,0,5,Lake/State
66,1.6171232876712338,0.0009168133132008427,1171.7403740374039,494.6579901647001,773.9685039370079,603.2110978452492,2584.477939529675,899.9384497169286,2095.6428794992175,1106.6531727708225,41.936033,-87.653266,0,5,Wellington
67,104.31986301369852,0.03299306527251808,2348.6314631463147,823.6106332876525,1625.841535433071,641.6758657890772,4018.4376259798432,1052.3007108422796,3400.482785602504,1364.0451275420712,0.0,0.0,0,5,California/Milwaukee
68,-18.82465753424657,-0.012583801032190756,825.4279427942794,157.54298948388958,587.4734251968504,161.8002334647317,1509.9628219484882,197.76769539410964,1265.9109546165885,421.23490656282604,0.0,0.0,0,5,Ashland-Orange
69,-33.99863013698632,-0.008228603614159807,2129.6160616061607,1015.7492574306004,1528.2155511811025,879.0908311730386,3302.7061590145577,688.2791434579019,2853.688732394366,1046.5544959631193,41.910409,-87.639302,0,5,Sedgwick
70,-71.43082191780823,-0.0777831941409472,425.03080308030803,138.56708142459567,343.83366141732284,115.7369911564591,828.4844344904815,199.30393612131465,694.0330203442879,273.9379343320863,41.821732,-87.621371,0,5,Indiana
71,309.1075342465756,0.033176565621487575,7706.200220022002,1568.6866471262538,8436.615157480315,1828.219529166072,9552.139753639418,1871.0142079622021,9112.181690140846,1953.39563795971,0.0,0.0,0,5,O'Hare Airport
72,94.31164383561622,0.018913114183011726,3194.7601760176017,1175.6199085135308,2274.89468503937,1021.4302711149935,5440.6141097424415,1097.862194391602,4617.789045383412,1684.7798913981053,41.983507,-87.859388,0,5,Rosemont
73,-42.41369863013699,-0.030804866144909127,828.2200220022003,168.75950616265698,622.2942913385826,156.0229457890708,1380.5453527435611,250.93924507557767,1181.4143974960875,383.51763490551946,0.0,0.0,0,5,Kedzie-Lake
74,-33.678767123287685,-0.01241658651372246,655.5588558855885,383.2526859094913,443.69389763779526,275.94622129405616,3100.7063829787235,520.271966304223,2330.414710485133,1265.6802404116202,41.871551,-87.66953,0,5,Polk
75,-155.7397260273974,0.002479810340566907,3388.6589658965895,1546.2634478275274,2178.3543307086616,1222.392959820073,6817.841881298992,2168.402195850158,5592.357276995305,2730.644648174827,0.0,0.0,0,5,Randolph/Wabash
76,9.05205479452053,0.006086333560194113,855.5489548954896,510.37998830048895,619.5098425196851,404.6060467973753,1899.1079507278835,361.684689967565,1547.2039123630673,667.7528129988176,41.85177331,-87.75669201,0,5,54th/Cermak
77,-74.70136986301372,-0.024313276247101473,1756.7975797579759,351.45826911321495,1279.5738188976377,364.9114265478745,3775.040313549832,414.50168638502737,3091.162910798122,1122.8624342444007,41.874257,-87.817318,0,5,Forest Park
78,329.44892659987727,0.16683431157756318,3250.092817679558,660.6715159554085,2320.0356435643566,586.511832404832,4752.121709786276,888.6069315719759,4152.162106918239,1252.6067264863452,41.735372,-87.624717,90,5,87th
79,-156.72397260273965,-0.02959934853997434,3791.305830583058,631.7661062233188,2581.636811023622,817.5112050772536,5674.591713325868,951.5627992455468,4914.912676056338,1498.0803050214624,41.964273,-87.657588,0,5,Wilson
80,-31.178767123287685,-0.021871137877623098,900.6600660066007,151.72261947497478,666.7854330708661,145.65440988052765,1385.7843225083986,175.55728936998187,1202.4539906103287,332.04436357078333,0.0,0.0,0,5,Cicero-Lake
81,11.765753424657532,0.0029886985825727796,2813.959295929593,481.5563419329993,2100.575787401575,451.06126872325905,4900.409854423292,631.7005399119818,4158.435680751174,1288.1932683223704,0.0,0.0,0,5,Belmont-O'Hare
82,-14.766438356164372,-0.0037760276154183703,2390.7073707370737,556.7251318411854,1562.3238188976377,448.22753773042984,3834.1565509518477,692.3819283248934,3267.6029733959313,1098.671218068889,41.967901,-87.713065,0,5,Kimball
83,9.760273972602818,0.0051449397126704655,458.66116611661164,156.30373133996906,321.0846456692913,149.2795530080334,3035.9399776035834,381.12592226025066,2237.65524256651,1260.2638131039882,41.8768,-87.631739,0,5,LaSalle/Van Buren
84,-6.84657534246594,-0.0003298273958487197,3196.0495049504952,558.243655426637,2439.2765748031497,577.5368209808364,4288.103471444569,626.7836942096584,3838.794366197183,939.7350430490086,42.008362,-87.665909,0,5,Morse
85,51.87534246575342,0.008076386371212163,5973.004400440044,1551.4991038165665,4499.445866141732,1408.59760360768,7179.453303471445,862.2673327176892,6581.714710485133,1472.656855465162,41.90392,-87.631412,0,5,Clark/Division
86,-7.085616438356169,-0.0025123508066556,586.8602860286029,518.9682890929456,431.5275590551181,425.3843943818254,1156.2044792833146,388.2887435492145,959.9907668231612,513.3139380602526,0.0,0.0,0,5,California-Cermak
87,419.20202412594574,0.17728393787448526,3787.913812154696,1085.9250436968666,2944.0376237623764,1258.8285509489128,3628.56062992126,847.7608287701706,3542.5301886792454,995.9818964582727,41.853206,-87.630968,90,5,Cermak-Chinatown
88,-28.63219178082204,-0.003659582789415472,4284.31903190319,966.0931378340215,3830.8681102362207,1143.170430353348,8752.387010078388,1026.7104653988613,7334.2748043818465,2399.4846429595987,0.0,0.0,0,5,Midway Airport
89,26.419863013698546,0.010279514453871486,1968.964796479648,341.3958179096804,1457.148622047244,307.0987847647896,2886.5955207166853,442.87708542388026,2528.7794992175272,696.6174138682521,41.990259,-87.659076,0,5,Thorndale
90,42.21575342465735,0.007154436763532335,3420.72497249725,989.4596271662568,2417.850393700787,787.5758574832555,5911.488241881299,1185.7792127186185,5001.68544600939,1793.2815204637106,41.929728,-87.708541,0,5,Logan Square
91,8.654794520547966,0.0022539015695255404,2071.3828382838283,428.63584296294175,1395.5187007874015,505.0913136433014,5123.248600223964,664.4648761948438,4096.406729264476,1689.8169444255357,0.0,0.0,0,5,Pulaski-Orange
92,-41.99794520547948,-0.011897574052507492,1119.053905390539,500.77570704359994,793.0364173228346,384.6459822712287,3449.574244120941,1153.1024478749773,2695.6641627543036,1521.4151941642526,0.0,0.0,0,5,Clinton-Lake
93,-11.931506849315099,-0.005257378054998707,1054.904290429043,403.8450201512402,645.4606299212599,292.5626343198903,2136.0259798432253,698.9854195249055,1745.235054773083,863.143954471029,0.0,0.0,0,5,Addison-Brown
94,-37.719178082191775,-0.021871761985802096,1181.3146314631463,260.4548884464262,933.3533464566929,257.94450495040655,1571.605151175812,305.98412344372264,1414.6039123630674,383.9631287288221,0.0,0.0,0,5,Pulaski-Forest Park
95,-172.32671232876737,-0.018834727887029445,4637.107810781078,1676.9403717456587,3270.5698818897636,1944.973115175896,11034.135274356104,1996.1952298498388,8889.740845070422,3820.0365816551835,41.878183,-87.629296,0,5,Jackson/State
96,468.9722653854018,0.2137471130375429,3393.396685082873,1889.3557514454421,2587.993069306931,1586.3988018543018,4377.853993250844,1640.7783736755914,3953.5311320754718,1804.1305424731913,0.0,0.0,90,5,Sox-35th-Dan Ryan
97,40.24246575342465,0.01958586365217324,1040.09900990099,464.9239730955268,763.5501968503937,400.46098490796646,1951.7796192609183,623.2930254680192,1633.1632237871675,754.2436012601518,0.0,0.0,0,5,Grand/Milwaukee
98,-72.3376712328767,-0.10645965150541314,421.012101210121,97.79036097292217,305.06003937007875,77.82471992957427,651.5343784994401,114.33831670079941,563.6528951486698,174.30345340184817,41.78013,-87.615546,0,5,King Drive
99,-331.4335616438357,-0.028853571560500252,7938.625962596259,2069.98998508593,5639.638779527559,1808.081373346468,11795.118253079507,2600.9119115908898,10267.807042253522,3415.1416170763205,41.925051,-87.652866,0,5,Fullerton
100,-36.104794520547955,-0.019544493602836832,1254.3542354235424,378.71266108411476,879.242125984252,295.41266192334797,1804.0875699888018,554.7817765705047,1578.837089201878,614.4634055741423,0.0,0.0,0,5,Kedzie-Brown
101,-72.20547945205487,-0.021591461976634946,1765.4026402640263,1114.564293602895,1230.1023622047244,898.2047400392061,3501.994176931691,999.7454124681116,2893.7306729264474,1372.1829637498558,0.0,0.0,0,5,Library
102,-20.122602739726005,-0.016438099591201127,664.8580858085809,399.85529416265103,492.2706692913386,314.43601331417364,1092.4817469204927,258.12159409712626,936.2181533646323,379.29586587905146,0.0,0.0,0,5,Cicero-Cermak
103,-28.62534246575342,-0.004433547104569946,2794.104510451045,840.6647615239854,1990.4911417322835,696.4932980346389,5290.797088465845,994.2506699769368,4410.890297339593,1647.0564922799977,0.0,0.0,0,5,Division/Milwaukee
104,12.741095890410975,0.008225260959528552,1549.3344334433443,282.869010352633,1030.3179133858268,295.15088287025355,3113.193952967525,384.4192945270111,2559.555399061033,927.2326852713843,0.0,0.0,0,5,Kedzie-Midway
105,159.432191780822,0.019931508496512207,4113.778877887788,1417.5269634968454,2689.5551181102364,1279.9475623931792,9062.31287793953,2029.7354686166254,7345.107981220657,3227.602759275777,0.0,0.0,0,5,Monroe/State
106,-254.6876712328767,-0.1506104795130686,972.961496149615,298.1339941566006,724.5108267716536,224.1387322870302,1629.18320268757,392.3783548170029,1391.99186228482,513.1616297854476,41.77886,-87.663766,0,5,Ashland/63rd
107,511.54657534246553,0.054365259679710565,4181.415841584158,1760.11160064046,2793.9655511811025,1438.873526209957,9684.427547592386,1987.5020398995264,7806.032081377151,3443.6895538615368,41.883164,-87.62944,0,5,Washington/Dearborn
108,1.3157534246577143,0.0005943335337085798,1518.5456545654565,478.2820525139716,1224.5492125984251,507.38465654172126,7472.022172452407,1006.7363247196673,5631.780751173709,2940.096736632911,41.878723,-87.63374,0,5,Quincy/Wells
109,35.284931506849375,0.013032097431986633,1160.92299229923,321.89112623212117,1031.4803149606298,335.7514821116894,3115.4947368421053,592.5920690013933,2506.094992175274,1068.0673956759556,0.0,0.0,0,5,Clinton-Forest Park
110,-7.115753424657498,-0.0029732276472351493,861.2409240924093,550.6328500044206,621.6427165354331,463.41531586837027,1484.8434490481523,411.37478430929684,1258.8862284820032,564.0941614023092,41.857908,-87.669147,0,5,18th
111,128.78767123287662,0.023106572594491115,1263.996699669967,832.3745470357517,810.117125984252,562.6121423513625,7209.382754759238,991.0406550411884,5346.157433489828,2983.965306225778,41.882695,-87.63378,0,5,Washington/Wells
112,13.700000000000045,0.005669022413885227,1304.072607260726,334.2183714766627,875.2696850393701,330.27782320164494,2754.2886898096303,448.3692436948552,2249.2292644757435,882.7415939725229,41.829353,-87.680622,0,5,35th/Archer
113,587.8195052136576,0.17520178498375696,5138.383425414365,951.2016224202366,3879.312871287129,796.4068708874266,7365.147131608549,1266.9153776819549,6494.720440251573,1796.8982214539346,41.750419,-87.625112,90,5,79th
114,-10.707534246575392,-0.0016362520509941858,2002.5346534653465,642.6373026969706,1221.6850393700788,498.64899568645694,3875.4606942889136,652.8712698657357,3187.084194053208,1241.4031685959617,41.918217,-87.652644,0,5,Armitage
115,-74.29178082191765,-0.017077857058902912,3218.883388338834,444.06396833412157,2397.4852362204724,464.977785134426,4619.131914893617,471.9799738567285,4066.7032863849763,988.2544153166534,41.983504,-87.65884,0,5,Bryn Mawr
116,240.57399304845632,0.16497660172175357,2335.220994475138,496.38439398730395,1858.7346534653466,400.20580296218515,3265.9046119235095,620.3318211302793,2910.0067610062893,800.2877140976431,0.0,0.0,90,5,63rd-Dan Ryan
117,-73.67465753424659,-0.036932779173191405,1416.3729372937294,208.57322786335965,1039.4124015748032,196.60036783848247,2278.4138857782755,255.07679071601225,1958.786228482003,552.6784414960398,0.0,0.0,0,5,Central-Lake
118,180.09041095890416,0.02190810539240101,5324.8899889989,1880.9892083638226,3821.501968503937,1504.1343247832608,9200.642777155655,1590.5897732879819,7794.028325508607,2718.3884131700656,41.88574,-87.627835,0,5,State/Lake
119,-1445.7164383561644,-0.5677034619912267,2308.634201585504,1438.1520797845271,1359.8252525252526,1068.2178380903613,4614.955268618861,2325.4528539315543,3768.0856682769727,2445.5295691606325,0.0,0.0,0,5,Madison/Wabash
120,1.439041095890417,0.005678208993719319,192.02310231023102,117.02211148252123,145.00393700787401,93.15159520329321,408.1216125419933,113.62098316157716,335.5455399061033,157.25794242307657,41.853751,-87.733258,0,5,Kostner
121,-53.56438356164384,-0.044330872971250074,855.3113311331133,283.17825462292785,617.3001968503937,227.03577860864587,1335.6624860022396,163.61593965540183,1153.1123630672926,346.195545862234,41.887163,-87.754986,0,5,Laramie
122,179.3616438356164,0.030023253897505597,1885.3377337733773,688.756391685631,1379.224409448819,696.4624552416494,6478.854871220605,1214.354109666579,5014.577621283255,2483.556387100425,0.0,0.0,0,5,Monroe/Dearborn
123,-65.86506849315066,-0.03307857264776304,1079.1353135313532,284.60238581869896,702.0029527559055,286.2898028620643,2247.177379619261,501.10882863421796,1835.3389671361501,777.2607323261288,41.87592,-87.659458,0,5,Racine
124,-48.095205479452034,-0.00926149598085943,3574.0726072607263,723.2067197420735,2576.9872047244094,811.9465905131766,5004.746696528556,683.891282264507,4415.218309859155,1177.6060307926562,41.953775,-87.654929,0,5,Sheridan
125,9.736986301369939,0.004585816841163076,980.2706270627062,441.83542322654284,739.7293307086615,399.7227272568571,2748.7995520716686,558.1541338166121,2177.7810641627543,1015.6555586988692,41.875568,-87.631722,0,5,LaSalle
126,35.349999999999966,0.01794604447511386,987.3630363036303,266.130255689604,727.8956692913385,212.87795004813037,2154.7493840985444,369.4364140342925,1761.8170579029734,689.8228532109737,0.0,0.0,0,5,Montrose-O'Hare
127,-88.07876712328766,-0.01800568187866236,2730.167216721672,914.2487772118294,1773.357283464567,843.6262785371996,4806.157670772676,1262.267516566155,4028.6302034428795,1678.188052899269,41.932732,-87.653131,0,5,Diversey
128,-32.098630136986316,-0.02861210348370971,497.1023102310231,312.6350729849353,368.88484251968504,244.47993969420398,914.6508398656215,387.0550899042953,768.477151799687,422.9206842602644,41.853839,-87.714842,0,5,Central Park
129,-6.2609589041096,-0.003819922883651905,819.6655665566557,201.26474644917928,574.4734251968504,194.3375492202329,1548.087346024636,191.3019460780878,1289.6636932707356,443.58412779094596,0.0,0.0,0,5,Oak Park-Lake
130,-20.68150684931507,-0.020852345632776548,559.7172717271727,122.0216107946388,420.0698818897638,106.89222986864607,1014.8846584546473,168.6987407871451,855.560876369327,290.11590071184173,0.0,0.0,0,5,California-Lake
131,,,2842.545238095238,2136.088634460941,1700.3893617021276,1361.2605688651745,5975.798351914687,3890.6405026562093,4849.686420589232,3814.9631671452994,41.8831,-87.6287,0,0,Washington/State
132,-5.9027397260273915,-0.003834597428573505,658.0143014301431,160.34701772968316,455.44586614173227,155.903794455913,1677.0333706606943,247.36182288702534,1337.8438184663537,565.902620773471,0.0,0.0,0,5,Oak Park-Forest Park
133,328.06438356164335,0.021430719550422583,5112.702970297029,1882.3635864487187,3906.9389763779527,1620.3158295238159,17965.56282194849,2868.452479149832,13901.899061032864,6714.698838664135,41.885737,-87.630886,0,5,Clark/Lake
134,-18.352739726027437,-0.012210640151096935,904.2684268426842,213.11095769712156,667.3307086614174,183.39285910398692,1404.2434490481523,350.5939540305798,1215.952269170579,429.1172924955956,0.0,0.0,0,5,Western-Forest Park
135,6.378082191780834,0.005658019760588412,1178.961496149615,218.56774888034744,886.6624015748032,203.44097848718414,1483.933706606943,220.91586223005066,1345.5851330203443,313.49980427319184,42.015876,-87.669092,0,5,Jarvis
136,-52.98424657534247,-0.014402197541906359,2560.12101210121,760.3328962324646,1651.273622047244,518.6853312370265,3716.371556550952,515.2612794141919,3223.5435054773084,967.4039529113691,0.0,0.0,0,5,Western-Brown
137,-53.97602739726028,-0.014523842605178083,1606.1155115511551,563.6780262340604,1156.6712598425197,467.61901906985094,3439.301455767077,855.808259969289,2815.5896713615025,1228.5172867169808,0.0,0.0,0,5,Chicago/Milwaukee
138,21.00890410958891,0.005666998820585634,4136.442244224422,1188.5791781765995,2975.4990157480315,1013.7635143628021,4825.999328107503,1030.9927245055685,4433.680751173709,1250.995798485307,41.910655,-87.649177,0,5,North/Clybourn
139,230.36535473318338,0.17264204992232018,2100.129281767956,428.4962255929237,1571.0683168316832,402.61535018463985,2972.811473565804,576.4622439719828,2626.0287735849056,764.3614219411214,0.0,0.0,90,5,47th-Dan Ryan
140,5.092465753424676,0.004169101411471893,1224.2794279427942,333.944109889767,895.8366141732283,301.55838405366364,2686.179843225084,378.76771537461104,2193.5575899843507,837.6201293133857,0.0,0.0,0,5,Addison-O'Hare
141,-2.221917808219189,-0.00044931848011103837,543.0112612612612,155.62897038536937,394.35045317220545,141.6488233468261,817.8244607618174,194.14835400532058,711.3099855746113,246.80500124318795,41.884904,-87.716523,0,5,Conservatory
142,,,0.0,0.0,0.0,0.0,1.2857142857142858,5.8918830363717944,0.8709677419354839,4.849343154722923,0.0,0.0,0,0,Homan
143,-54.82602739726022,0.08687969860789363,1096.058282208589,472.1098173832602,811.1570247933885,409.3547410307878,1966.3044569993722,658.5861432850736,1658.2331288343557,765.9713721210562,42.038951,-87.751919,0,5,Dempster-Skokie
144,8.055479452054783,0.11761079446241551,419.8036809815951,155.443815579113,294.1625344352617,117.84934443907234,863.5235404896422,291.8320890435067,709.5661700262928,347.99764199990636,42.02624348,-87.74722084,0,5,Oakton-Skokie
145,210.75205479452057,0.10998990941282716,1475.1397515527951,487.0998372373969,1037.3240223463688,388.972518573773,2432.8155216284986,612.3643021203249,2074.0421847246894,794.7797576489792,0.0,0.0,0,5,Morgan-Lake
146,117.25753424657535,0.10516009950741845,1093.1693989071039,518.6670349312379,770.6237623762377,428.8089567891394,1354.1322869955156,424.2341305456124,1224.4338292873924,489.7349033859996,41.853115,-87.626402,0,3,Cermak-McCormick Place
147,,,5029.9375,2173.2645549490458,3396.346153846154,1603.318261124567,8916.081196581197,3035.7526118604355,7498.233532934131,3525.173041472662,41.88322,-87.626189,0,1,Washington/Wabash
